Surname,Email
Durkan, jpdurkan@cllr.dlrcoco.ie
Fayne, mfayne@cllr.dlrcoco.ie
Hall, lhall@cllr.dlrcoco.ie
Halpin, mhalpin@cllr.dlrcoco.ie
Joseph, tjoseph@cllr.dlrcoco.ie
Kivlehan, tkivlehan@cllr.dlrcoco.ie
Moylan, jmoylan@cllr.dlrcoco.ie